school_stage,subject,chapter,grade,section,subsection,category,item,content,source_page
elementary,JAPANESE,１目標,,,,,,"言葉による見方・考え方を働かせ，言語活動を通して，国語で正確に理解し適
切に表現する資質・能力を次のとおり育成することを目指す。",28
elementary,JAPANESE,１目標,,,,⑴,,"⑴　日常生活に必要な国語について，その特質を理解し適切に使うことができ
るようにする。",28
elementary,JAPANESE,１目標,,,,⑵,,"⑵　日常生活における人との関わりの中で伝え合う力を高め，思考力や想像力
を養う。",28
elementary,JAPANESE,１目標,,,,⑶,,"⑶　言葉がもつよさを認識するとともに，言語感覚を養い，国語の大切さを自
覚し，国語を尊重してその能力の向上を図る態度を養う。",28
elementary,JAPANESE,２各学年の目標及び内容,〔第１学年及び第２学年〕,１ 目 標,,⑴,,"⑴ 日常生活に必要な国語の知識や技能を身に付けるとともに，我が国の言
語文化に親しんだり理解したりすることができるようにする。",28
elementary,JAPANESE,２各学年の目標及び内容,〔第１学年及び第２学年〕,１ 目 標,,⑵,,"⑵ 順序立てて考える力や感じたり想像したりする力を養い，日常生活にお
ける人との関わりの中で伝え合う力を高め，自分の思いや考えをもつこと
ができるようにする。",28
elementary,JAPANESE,２各学年の目標及び内容,〔第１学年及び第２学年〕,１ 目 標,,⑶,,"⑶ 言葉がもつよさを感じるとともに，楽しんで読書をし，国語を大切にし
て，思いや考えを伝え合おうとする態度を養う。",28
elementary,JAPANESE,２各学年の目標及び内容,〔第１学年及び第２学年〕,２ 内 容,〔知識及び技能〕,⑴,,"⑴ 言葉の特徴や使い方に関する次の事項を身に付けることができるよう指
導する。",28
elementary,JAPANESE,２各学年の目標及び内容,〔第１学年及び第２学年〕,２ 内 容,〔知識及び技能〕,⑴,ア,"ア 言葉には，事物の内容を表す働きや，経験したことを伝える働きがあ
ることに気付くこと。",28
elementary,JAPANESE,２各学年の目標及び内容,〔第１学年及び第２学年〕,２ 内 容,〔知識及び技能〕,⑴,イ,"イ 音節と文字との関係，アクセントによる語の意味の違いなどに気付く
28
とともに，姿勢や口形，発声や発音に注意して話すこと。 国 語
よう はつ",28
elementary,JAPANESE,２各学年の目標及び内容,〔第１学年及び第２学年〕,２ 内 容,〔知識及び技能〕,⑴,ウ,"ウ 長音，拗音，促音，撥音などの表記，助詞の「は」，「へ」及び「を」
の使い方，句読点の打ち方，かぎ（「 」）の使い方を理解して文や文章
の中で使うこと。また，平仮名及び片仮名を読み，書くとともに，片仮
名で書く語の種類を知り，文や文章の中で使うこと。",29
elementary,JAPANESE,２各学年の目標及び内容,〔第１学年及び第２学年〕,２ 内 容,〔知識及び技能〕,⑴,エ,"エ 第１学年においては，別表の学年別漢字配当表（以下「学年別漢字
配当表」という。）の第１学年に配当されている漢字を読み，漸次書き，
文や文章の中で使うこと。第２学年においては，学年別漢字配当表の第
２学年までに配当されている漢字を読むこと。また，第１学年に配当さ
れている漢字を書き，文や文章の中で使うとともに，第２学年に配当さ
れている漢字を漸次書き，文や文章の中で使うこと。",29
elementary,JAPANESE,２各学年の目標及び内容,〔第１学年及び第２学年〕,２ 内 容,〔知識及び技能〕,⑴,オ,"オ 身近なことを表す語句の量を増し，話や文章の中で使うとともに，言
葉には意味による語句のまとまりがあることに気付き，語彙を豊かにす
ること。",29
elementary,JAPANESE,２各学年の目標及び内容,〔第１学年及び第２学年〕,２ 内 容,〔知識及び技能〕,⑴,カ,カ 文の中における主語と述語との関係に気付くこと。,29
elementary,JAPANESE,２各学年の目標及び内容,〔第１学年及び第２学年〕,２ 内 容,〔知識及び技能〕,⑴,キ,"キ 丁寧な言葉と普通の言葉との違いに気を付けて使うとともに，敬体で
書かれた文章に慣れること。",29
elementary,JAPANESE,２各学年の目標及び内容,〔第１学年及び第２学年〕,２ 内 容,〔知識及び技能〕,⑴,ク,ク 語のまとまりや言葉の響きなどに気を付けて音読すること。,29
elementary,JAPANESE,２各学年の目標及び内容,〔第１学年及び第２学年〕,２ 内 容,〔知識及び技能〕,⑵,,"⑵ 話や文章に含まれている情報の扱い方に関する次の事項を身に付けるこ
とができるよう指導する。",29
elementary,JAPANESE,２各学年の目標及び内容,〔第１学年及び第２学年〕,２ 内 容,〔知識及び技能〕,⑵,ア,"ア 共通，相違，事柄の順序など情報と情報との関係について理解するこ
と。",29
elementary,JAPANESE,２各学年の目標及び内容,〔第１学年及び第２学年〕,２ 内 容,〔知識及び技能〕,⑶,,"⑶ 我が国の言語文化に関する次の事項を身に付けることができるよう指導
する。",29
elementary,JAPANESE,２各学年の目標及び内容,〔第１学年及び第２学年〕,２ 内 容,〔知識及び技能〕,⑶,ア,"ア 昔話や神話・伝承などの読み聞かせを聞くなどして，我が国の伝統的
な言語文化に親しむこと。",29
elementary,JAPANESE,２各学年の目標及び内容,〔第１学年及び第２学年〕,２ 内 容,〔知識及び技能〕,⑶,イ,イ 長く親しまれている言葉遊びを通して，言葉の豊かさに気付くこと。,29
elementary,JAPANESE,２各学年の目標及び内容,〔第１学年及び第２学年〕,２ 内 容,〔知識及び技能〕,⑶,ウ,"ウ 書写に関する次の事項を理解し使うこと。
（ア） 姿勢や筆記具の持ち方を正しくして書くこと。
（イ） 点画の書き方や文字の形に注意しながら，筆順に従って丁寧に書
くこと。
（ウ） 点画相互の接し方や交わり方，長短や方向などに注意して，文字
を正しく書くこと。",29
elementary,JAPANESE,２各学年の目標及び内容,〔第１学年及び第２学年〕,２ 内 容,〔知識及び技能〕,⑶,エ,エ 読書に親しみ，いろいろな本があることを知ること。Ａ 話すこと・聞くこと,29
elementary,JAPANESE,２各学年の目標及び内容,〔第１学年及び第２学年〕,２ 内 容,〔思考力，判断力，表現力等〕,⑴,,"Ａ 話すこと・聞くこと
⑴ 話すこと・聞くことに関する次の事項を身に付けることができるよう指
導する。",30
elementary,JAPANESE,２各学年の目標及び内容,〔第１学年及び第２学年〕,２ 内 容,〔思考力，判断力，表現力等〕,⑴,ア,"ア 身近なことや経験したことなどから話題を決め，伝え合うために必要
な事柄を選ぶこと。",30
elementary,JAPANESE,２各学年の目標及び内容,〔第１学年及び第２学年〕,２ 内 容,〔思考力，判断力，表現力等〕,⑴,イ,"イ 相手に伝わるように，行動したことや経験したことに基づいて，話す
事柄の順序を考えること。",30
elementary,JAPANESE,２各学年の目標及び内容,〔第１学年及び第２学年〕,２ 内 容,〔思考力，判断力，表現力等〕,⑴,ウ,"ウ 伝えたい事柄や相手に応じて，声の大きさや速さなどを工夫するこ
と。",30
elementary,JAPANESE,２各学年の目標及び内容,〔第１学年及び第２学年〕,２ 内 容,〔思考力，判断力，表現力等〕,⑴,エ,"エ 話し手が知らせたいことや自分が聞きたいことを落とさないように集
中して聞き，話の内容を捉えて感想をもつこと。",30
elementary,JAPANESE,２各学年の目標及び内容,〔第１学年及び第２学年〕,２ 内 容,〔思考力，判断力，表現力等〕,⑴,オ,オ 互いの話に関心をもち，相手の発言を受けて話をつなぐこと。,30
elementary,JAPANESE,２各学年の目標及び内容,〔第１学年及び第２学年〕,２ 内 容,〔思考力，判断力，表現力等〕,⑵,,"⑵ ⑴に示す事項については，例えば，次のような言語活動を通して指導す
るものとする。",30
elementary,JAPANESE,２各学年の目標及び内容,〔第１学年及び第２学年〕,２ 内 容,〔思考力，判断力，表現力等〕,⑵,ア,"ア 紹介や説明，報告など伝えたいことを話したり，それらを聞いて声に
出して確かめたり感想を述べたりする活動。",30
elementary,JAPANESE,２各学年の目標及び内容,〔第１学年及び第２学年〕,２ 内 容,〔思考力，判断力，表現力等〕,⑵,イ,イ 尋ねたり応答したりするなどして，少人数で話し合う活動。,30
elementary,JAPANESE,２各学年の目標及び内容,〔第１学年及び第２学年〕,２ 内 容,〔思考力，判断力，表現力等〕,⑴,,"Ｂ 書くこと
⑴ 書くことに関する次の事項を身に付けることができるよう指導する。",30
elementary,JAPANESE,２各学年の目標及び内容,〔第１学年及び第２学年〕,２ 内 容,〔思考力，判断力，表現力等〕,⑴,ア,"ア 経験したことや想像したことなどから書くことを見付け，必要な事柄
を集めたり確かめたりして，伝えたいことを明確にすること。",30
elementary,JAPANESE,２各学年の目標及び内容,〔第１学年及び第２学年〕,２ 内 容,〔思考力，判断力，表現力等〕,⑴,イ,"イ 自分の思いや考えが明確になるように，事柄の順序に沿って簡単な構
成を考えること。",30
elementary,JAPANESE,２各学年の目標及び内容,〔第１学年及び第２学年〕,２ 内 容,〔思考力，判断力，表現力等〕,⑴,ウ,"ウ 語と語や文と文との続き方に注意しながら，内容のまとまりが分かる
ように書き表し方を工夫すること。",30
elementary,JAPANESE,２各学年の目標及び内容,〔第１学年及び第２学年〕,２ 内 容,〔思考力，判断力，表現力等〕,⑴,エ,"エ 文章を読み返す習慣を付けるとともに，間違いを正したり，語と語や
文と文との続き方を確かめたりすること。",30
elementary,JAPANESE,２各学年の目標及び内容,〔第１学年及び第２学年〕,２ 内 容,〔思考力，判断力，表現力等〕,⑴,オ,"オ 文章に対する感想を伝え合い，自分の文章の内容や表現のよいところ
を見付けること。",30
elementary,JAPANESE,２各学年の目標及び内容,〔第１学年及び第２学年〕,２ 内 容,〔思考力，判断力，表現力等〕,⑵,,"⑵ ⑴に示す事項については，例えば，次のような言語活動を通して指導す
るものとする。",30
elementary,JAPANESE,２各学年の目標及び内容,〔第１学年及び第２学年〕,２ 内 容,〔思考力，判断力，表現力等〕,⑵,ア,"ア 身近なことや経験したことを報告したり，観察したことを記録したり
するなど，見聞きしたことを書く活動。",30
elementary,JAPANESE,２各学年の目標及び内容,〔第１学年及び第２学年〕,２ 内 容,〔思考力，判断力，表現力等〕,⑵,イ,イ 日記や手紙を書くなど，思ったことや伝えたいことを書く活動。,30
elementary,JAPANESE,２各学年の目標及び内容,〔第１学年及び第２学年〕,２ 内 容,〔思考力，判断力，表現力等〕,⑵,ウ,ウ 簡単な物語をつくるなど，感じたことや想像したことを書く活動。,30
elementary,JAPANESE,２各学年の目標及び内容,〔第１学年及び第２学年〕,２ 内 容,〔思考力，判断力，表現力等〕,⑴,,"Ｃ 読むこと 国 語
⑴ 読むことに関する次の事項を身に付けることができるよう指導する。",31
elementary,JAPANESE,２各学年の目標及び内容,〔第１学年及び第２学年〕,２ 内 容,〔思考力，判断力，表現力等〕,⑴,ア,"ア 時間的な順序や事柄の順序などを考えながら，内容の大体を捉えるこ
と。",31
elementary,JAPANESE,２各学年の目標及び内容,〔第１学年及び第２学年〕,２ 内 容,〔思考力，判断力，表現力等〕,⑴,イ,イ 場面の様子や登場人物の行動など，内容の大体を捉えること。,31
elementary,JAPANESE,２各学年の目標及び内容,〔第１学年及び第２学年〕,２ 内 容,〔思考力，判断力，表現力等〕,⑴,ウ,ウ 文章の中の重要な語や文を考えて選び出すこと。,31
elementary,JAPANESE,２各学年の目標及び内容,〔第１学年及び第２学年〕,２ 内 容,〔思考力，判断力，表現力等〕,⑴,エ,エ 場面の様子に着目して，登場人物の行動を具体的に想像すること。,31
elementary,JAPANESE,２各学年の目標及び内容,〔第１学年及び第２学年〕,２ 内 容,〔思考力，判断力，表現力等〕,⑴,オ,オ 文章の内容と自分の体験とを結び付けて，感想をもつこと。,31
elementary,JAPANESE,２各学年の目標及び内容,〔第１学年及び第２学年〕,２ 内 容,〔思考力，判断力，表現力等〕,⑴,カ,カ 文章を読んで感じたことや分かったことを共有すること。,31
elementary,JAPANESE,２各学年の目標及び内容,〔第１学年及び第２学年〕,２ 内 容,〔思考力，判断力，表現力等〕,⑵,,"⑵ ⑴に示す事項については，例えば，次のような言語活動を通して指導す
るものとする。",31
elementary,JAPANESE,２各学年の目標及び内容,〔第１学年及び第２学年〕,２ 内 容,〔思考力，判断力，表現力等〕,⑵,ア,"ア 事物の仕組みを説明した文章などを読み，分かったことや考えたこと
を述べる活動。",31
elementary,JAPANESE,２各学年の目標及び内容,〔第１学年及び第２学年〕,２ 内 容,〔思考力，判断力，表現力等〕,⑵,イ,"イ 読み聞かせを聞いたり物語などを読んだりして，内容や感想などを伝
え合ったり，演じたりする活動。",31
elementary,JAPANESE,２各学年の目標及び内容,〔第１学年及び第２学年〕,２ 内 容,〔思考力，判断力，表現力等〕,⑵,ウ,"ウ 学校図書館などを利用し，図鑑や科学的なことについて書いた本など
を読み，分かったことなどを説明する活動。
〔第３学年及び第４学年〕",31
elementary,JAPANESE,２各学年の目標及び内容,〔第３学年及び第４学年〕,１目標,,⑴,,"⑴ 日常生活に必要な国語の知識や技能を身に付けるとともに，我が国の言
語文化に親しんだり理解したりすることができるようにする。",31
elementary,JAPANESE,２各学年の目標及び内容,〔第３学年及び第４学年〕,２ 内 容,,⑵,,"⑵ 筋道立てて考える力や豊かに感じたり想像したりする力を養い，日常生
活における人との関わりの中で伝え合う力を高め，自分の思いや考えをま
とめることができるようにする。",31
elementary,JAPANESE,２各学年の目標及び内容,〔第３学年及び第４学年〕,２ 内 容,,⑶,,"⑶ 言葉がもつよさに気付くとともに，幅広く読書をし，国語を大切にし
て，思いや考えを伝え合おうとする態度を養う。",31
elementary,JAPANESE,２各学年の目標及び内容,〔第３学年及び第４学年〕,２ 内 容,〔知識及び技能〕,⑴,,"⑴ 言葉の特徴や使い方に関する次の事項を身に付けることができるよう指
導する。",31
elementary,JAPANESE,２各学年の目標及び内容,〔第３学年及び第４学年〕,２ 内 容,〔知識及び技能〕,⑴,ア,"ア 言葉には，考えたことや思ったことを表す働きがあることに気付くこ
と。",31
elementary,JAPANESE,２各学年の目標及び内容,〔第３学年及び第４学年〕,２ 内 容,〔知識及び技能〕,⑴,イ,"イ 相手を見て話したり聞いたりするとともに，言葉の抑揚や強弱，間の
31
国 語 取り方などに注意して話すこと。",31
elementary,JAPANESE,２各学年の目標及び内容,〔第３学年及び第４学年〕,２ 内 容,〔知識及び技能〕,⑴,ウ,"ウ 漢字と仮名を用いた表記，送り仮名の付け方，改行の仕方を理解して
文や文章の中で使うとともに，句読点を適切に打つこと。また，第３学
年においては，日常使われている簡単な単語について，ローマ字で表記
されたものを読み，ローマ字で書くこと。",32
elementary,JAPANESE,２各学年の目標及び内容,〔第３学年及び第４学年〕,２ 内 容,〔知識及び技能〕,⑴,エ,"エ 第３学年及び第４学年の各学年においては，学年別漢字配当表の当該
学年までに配当されている漢字を読むこと。また，当該学年の前の学年
までに配当されている漢字を書き，文や文章の中で使うとともに，当該
学年に配当されている漢字を漸次書き，文や文章の中で使うこと。",32
elementary,JAPANESE,２各学年の目標及び内容,〔第３学年及び第４学年〕,２ 内 容,〔知識及び技能〕,⑴,オ,"オ 様子や行動，気持ちや性格を表す語句の量を増し，話や文章の中で使
うとともに，言葉には性質や役割による語句のまとまりがあることを理
解し，語彙を豊かにすること。",32
elementary,JAPANESE,２各学年の目標及び内容,〔第３学年及び第４学年〕,２ 内 容,〔知識及び技能〕,⑴,カ,"カ 主語と述語との関係，修飾と被修飾との関係，指示する語句と接続す
る語句の役割，段落の役割について理解すること。",32
elementary,JAPANESE,２各学年の目標及び内容,〔第３学年及び第４学年〕,２ 内 容,〔知識及び技能〕,⑴,キ,"キ 丁寧な言葉を使うとともに，敬体と常体との違いに注意しながら書く
こと。",32
elementary,JAPANESE,２各学年の目標及び内容,〔第３学年及び第４学年〕,２ 内 容,〔知識及び技能〕,⑴,ク,ク 文章全体の構成や内容の大体を意識しながら音読すること。,32
elementary,JAPANESE,２各学年の目標及び内容,〔第３学年及び第４学年〕,２ 内 容,〔知識及び技能〕,⑵,,"⑵ 話や文章に含まれている情報の扱い方に関する次の事項を身に付けるこ
とができるよう指導する。",32
elementary,JAPANESE,２各学年の目標及び内容,〔第３学年及び第４学年〕,２ 内 容,〔知識及び技能〕,⑵,ア,"ア 考えとそれを支える理由や事例，全体と中心など情報と情報との関係
について理解すること。",32
elementary,JAPANESE,２各学年の目標及び内容,〔第３学年及び第４学年〕,２ 内 容,〔知識及び技能〕,⑵,イ,"イ 比較や分類の仕方，必要な語句などの書き留め方，引用の仕方や出典
の示し方，辞書や事典の使い方を理解し使うこと。",32
elementary,JAPANESE,２各学年の目標及び内容,〔第３学年及び第４学年〕,２ 内 容,〔知識及び技能〕,⑶,,"⑶ 我が国の言語文化に関する次の事項を身に付けることができるよう指導
する。",32
elementary,JAPANESE,２各学年の目標及び内容,〔第３学年及び第４学年〕,２ 内 容,〔知識及び技能〕,⑶,ア,"ア 易しい文語調の短歌や俳句を音読したり暗唱したりするなどして，言
葉の響きやリズムに親しむこと。",32
elementary,JAPANESE,２各学年の目標及び内容,〔第３学年及び第４学年〕,２ 内 容,〔知識及び技能〕,⑶,イ,"イ 長い間使われてきたことわざや慣用句，故事成語などの意味を知り，
使うこと。",32
elementary,JAPANESE,２各学年の目標及び内容,〔第３学年及び第４学年〕,２ 内 容,〔知識及び技能〕,⑶,ウ,"ウ 漢字が，へんやつくりなどから構成されていることについて理解する
こと。",32
elementary,JAPANESE,２各学年の目標及び内容,〔第３学年及び第４学年〕,２ 内 容,〔知識及び技能〕,⑶,エ,"エ 書写に関する次の事項を理解し使うこと。
（ア） 文字の組立て方を理解し，形を整えて書くこと。
（イ） 漢字や仮名の大きさ，配列に注意して書くこと。
（ウ） 毛筆を使用して点画の書き方への理解を深め，筆圧などに注意し
て書くこと。 国 語",32
elementary,JAPANESE,２各学年の目標及び内容,〔第３学年及び第４学年〕,２ 内 容,〔知識及び技能〕,⑶,オ,"オ 幅広く読書に親しみ，読書が，必要な知識や情報を得ることに役立つ
ことに気付くこと。
〔思考力，判断力，表現力等〕",33
elementary,JAPANESE,２各学年の目標及び内容,〔第３学年及び第４学年〕,２ 内 容,〔思考力，判断力，表現力等〕,⑴,,"Ａ 話すこと・聞くこと
⑴ 話すこと・聞くことに関する次の事項を身に付けることができるよう指
導する。",33
elementary,JAPANESE,２各学年の目標及び内容,〔第３学年及び第４学年〕,２ 内 容,〔思考力，判断力，表現力等〕,⑴,ア,"ア 目的を意識して，日常生活の中から話題を決め，集めた材料を比較し
たり分類したりして，伝え合うために必要な事柄を選ぶこと。",33
elementary,JAPANESE,２各学年の目標及び内容,〔第３学年及び第４学年〕,２ 内 容,〔思考力，判断力，表現力等〕,⑴,イ,"イ 相手に伝わるように，理由や事例などを挙げながら，話の中心が明確
になるよう話の構成を考えること。",33
elementary,JAPANESE,２各学年の目標及び内容,〔第３学年及び第４学年〕,２ 内 容,〔思考力，判断力，表現力等〕,⑴,ウ,"ウ 話の中心や話す場面を意識して，言葉の抑揚や強弱，間の取り方など
を工夫すること。",33
elementary,JAPANESE,２各学年の目標及び内容,〔第３学年及び第４学年〕,２ 内 容,〔思考力，判断力，表現力等〕,⑴,エ,"エ 必要なことを記録したり質問したりしながら聞き，話し手が伝えたい
ことや自分が聞きたいことの中心を捉え，自分の考えをもつこと。",33
elementary,JAPANESE,２各学年の目標及び内容,〔第３学年及び第４学年〕,２ 内 容,〔思考力，判断力，表現力等〕,⑴,オ,"オ 目的や進め方を確認し，司会などの役割を果たしながら話し合い，互
いの意見の共通点や相違点に着目して，考えをまとめること。",33
elementary,JAPANESE,２各学年の目標及び内容,〔第３学年及び第４学年〕,２ 内 容,〔思考力，判断力，表現力等〕,⑵,,"⑵ ⑴に示す事項については，例えば，次のような言語活動を通して指導す
るものとする。",33
elementary,JAPANESE,２各学年の目標及び内容,〔第３学年及び第４学年〕,２ 内 容,〔思考力，判断力，表現力等〕,⑵,ア,ア 説明や報告など調べたことを話したり，それらを聞いたりする活動。,33
elementary,JAPANESE,２各学年の目標及び内容,〔第３学年及び第４学年〕,２ 内 容,〔思考力，判断力，表現力等〕,⑵,イ,イ 質問するなどして情報を集めたり，それらを発表したりする活動。,33
elementary,JAPANESE,２各学年の目標及び内容,〔第３学年及び第４学年〕,２ 内 容,〔思考力，判断力，表現力等〕,⑵,ウ,ウ 互いの考えを伝えるなどして，グループや学級全体で話し合う活動。,33
elementary,JAPANESE,２各学年の目標及び内容,〔第３学年及び第４学年〕,,〔思考力，判断力，表現力等〕,⑴,,"Ｂ 書くこと
⑴ 書くことに関する次の事項を身に付けることができるよう指導する。",33
elementary,JAPANESE,２各学年の目標及び内容,〔第３学年及び第４学年〕,,〔思考力，判断力，表現力等〕,⑴,ア,"ア 相手や目的を意識して，経験したことや想像したことなどから書くこ
とを選び，集めた材料を比較したり分類したりして，伝えたいことを明
確にすること。",33
elementary,JAPANESE,２各学年の目標及び内容,〔第３学年及び第４学年〕,,〔思考力，判断力，表現力等〕,⑴,イ,"イ 書く内容の中心を明確にし，内容のまとまりで段落をつくったり，段
落相互の関係に注意したりして，文章の構成を考えること。",33
elementary,JAPANESE,２各学年の目標及び内容,〔第３学年及び第４学年〕,,〔思考力，判断力，表現力等〕,⑴,ウ,"ウ 自分の考えとそれを支える理由や事例との関係を明確にして，書き表
し方を工夫すること。",33
elementary,JAPANESE,２各学年の目標及び内容,〔第３学年及び第４学年〕,,〔思考力，判断力，表現力等〕,⑴,エ,"エ 間違いを正したり，相手や目的を意識した表現になっているかを確か
めたりして，文や文章を整えること。",33
elementary,JAPANESE,２各学年の目標及び内容,〔第３学年及び第４学年〕,,〔思考力，判断力，表現力等〕,⑴,オ,"オ 書こうとしたことが明確になっているかなど，文章に対する感想や意
見を伝え合い，自分の文章のよいところを見付けること。
国 語 ⑵ ⑴に示す事項については，例えば，次のような言語活動を通して指導す
るものとする。",33
elementary,JAPANESE,２各学年の目標及び内容,〔第３学年及び第４学年〕,,〔思考力，判断力，表現力等〕,⑴,ア,"ア 調べたことをまとめて報告するなど，事実やそれを基に考えたことを
書く活動。",34
elementary,JAPANESE,２各学年の目標及び内容,〔第３学年及び第４学年〕,,〔思考力，判断力，表現力等〕,⑴,イ,"イ 行事の案内やお礼の文章を書くなど，伝えたいことを手紙に書く活
動。",34
elementary,JAPANESE,２各学年の目標及び内容,〔第３学年及び第４学年〕,,〔思考力，判断力，表現力等〕,⑴,ウ,ウ 詩や物語をつくるなど，感じたことや想像したことを書く活動。,34
elementary,JAPANESE,２各学年の目標及び内容,〔第３学年及び第４学年〕,,〔思考力，判断力，表現力等〕,⑴,,"Ｃ 読むこと
⑴ 読むことに関する次の事項を身に付けることができるよう指導する。",34
elementary,JAPANESE,２各学年の目標及び内容,〔第３学年及び第４学年〕,,〔思考力，判断力，表現力等〕,⑴,ア,"ア 段落相互の関係に着目しながら，考えとそれを支える理由や事例との
関係などについて，叙述を基に捉えること。",34
elementary,JAPANESE,２各学年の目標及び内容,〔第３学年及び第４学年〕,,〔思考力，判断力，表現力等〕,⑴,イ,イ 登場人物の行動や気持ちなどについて，叙述を基に捉えること。,34
elementary,JAPANESE,２各学年の目標及び内容,〔第３学年及び第４学年〕,,〔思考力，判断力，表現力等〕,⑴,ウ,ウ 目的を意識して，中心となる語や文を見付けて要約すること。,34
elementary,JAPANESE,２各学年の目標及び内容,〔第３学年及び第４学年〕,,〔思考力，判断力，表現力等〕,⑴,エ,"エ 登場人物の気持ちの変化や性格，情景について，場面の移り変わりと
結び付けて具体的に想像すること。",34
elementary,JAPANESE,２各学年の目標及び内容,〔第３学年及び第４学年〕,,〔思考力，判断力，表現力等〕,⑴,オ,オ 文章を読んで理解したことに基づいて，感想や考えをもつこと。,34
elementary,JAPANESE,２各学年の目標及び内容,〔第３学年及び第４学年〕,,〔思考力，判断力，表現力等〕,⑴,カ,"カ 文章を読んで感じたことや考えたことを共有し，一人一人の感じ方な
どに違いがあることに気付くこと。",34
elementary,JAPANESE,２各学年の目標及び内容,〔第３学年及び第４学年〕,,〔思考力，判断力，表現力等〕,⑵,,"⑵ ⑴に示す事項については，例えば，次のような言語活動を通して指導す
るものとする。",34
elementary,JAPANESE,２各学年の目標及び内容,〔第３学年及び第４学年〕,,〔思考力，判断力，表現力等〕,⑵,ア,"ア 記録や報告などの文章を読み，文章の一部を引用して，分かったこと
や考えたことを説明したり，意見を述べたりする活動。",34
elementary,JAPANESE,２各学年の目標及び内容,〔第３学年及び第４学年〕,,〔思考力，判断力，表現力等〕,⑵,イ,"イ 詩や物語などを読み，内容を説明したり，考えたことなどを伝え合っ
たりする活動。",34
elementary,JAPANESE,２各学年の目標及び内容,〔第３学年及び第４学年〕,,〔思考力，判断力，表現力等〕,⑵,ウ,"ウ 学校図書館などを利用し，事典や図鑑などから情報を得て，分かった
ことなどをまとめて説明する活動。",34
elementary,JAPANESE,２各学年の目標及び内容,〔第５学年及び第６学年〕,１ 目 標,,⑴,,"⑴ 日常生活に必要な国語の知識や技能を身に付けるとともに，我が国の言
語文化に親しんだり理解したりすることができるようにする。",34
elementary,JAPANESE,２各学年の目標及び内容,〔第５学年及び第６学年〕,１ 目 標,,⑵,,"⑵ 筋道立てて考える力や豊かに感じたり想像したりする力を養い，日常生
活における人との関わりの中で伝え合う力を高め，自分の思いや考えを広
げることができるようにする。",34
elementary,JAPANESE,２各学年の目標及び内容,〔第５学年及び第６学年〕,１ 目 標,,⑶,,"⑶ 言葉がもつよさを認識するとともに，進んで読書をし，国語の大切さを
34
自覚して，思いや考えを伝え合おうとする態度を養う。 国 語",34
elementary,JAPANESE,２各学年の目標及び内容,〔第５学年及び第６学年〕,２ 内 容,〔知識及び技能〕,⑴,,"⑴ 言葉の特徴や使い方に関する次の事項を身に付けることができるよう指
導する。",35
elementary,JAPANESE,２各学年の目標及び内容,〔第５学年及び第６学年〕,２ 内 容,〔知識及び技能〕,⑴,ア,ア 言葉には，相手とのつながりをつくる働きがあることに気付くこと。,35
elementary,JAPANESE,２各学年の目標及び内容,〔第５学年及び第６学年〕,２ 内 容,〔知識及び技能〕,⑴,イ,イ 話し言葉と書き言葉との違いに気付くこと。,35
elementary,JAPANESE,２各学年の目標及び内容,〔第５学年及び第６学年〕,２ 内 容,〔知識及び技能〕,⑴,ウ,"ウ 文や文章の中で漢字と仮名を適切に使い分けるとともに，送り仮名や
仮名遣いに注意して正しく書くこと。",35
elementary,JAPANESE,２各学年の目標及び内容,〔第５学年及び第６学年〕,２ 内 容,〔知識及び技能〕,⑴,エ,"エ 第５学年及び第６学年の各学年においては，学年別漢字配当表の当該
学年までに配当されている漢字を読むこと。また，当該学年の前の学年
までに配当されている漢字を書き，文や文章の中で使うとともに，当該
学年に配当されている漢字を漸次書き，文や文章の中で使うこと。",35
elementary,JAPANESE,２各学年の目標及び内容,〔第５学年及び第６学年〕,２ 内 容,〔知識及び技能〕,⑴,オ,"オ 思考に関わる語句の量を増し，話や文章の中で使うとともに，語句と
語句との関係，語句の構成や変化について理解し，語彙を豊かにするこ
と。また，語感や言葉の使い方に対する感覚を意識して，語や語句を使
うこと。",35
elementary,JAPANESE,２各学年の目標及び内容,〔第５学年及び第６学年〕,２ 内 容,〔知識及び技能〕,⑴,カ,"カ 文の中での語句の係り方や語順，文と文との接続の関係，話や文章の
構成や展開，話や文章の種類とその特徴について理解すること。",35
elementary,JAPANESE,２各学年の目標及び内容,〔第５学年及び第６学年〕,２ 内 容,〔知識及び技能〕,⑴,キ,キ 日常よく使われる敬語を理解し使い慣れること。,35
elementary,JAPANESE,２各学年の目標及び内容,〔第５学年及び第６学年〕,２ 内 容,〔知識及び技能〕,⑴,ク,ク 比喩や反復などの表現の工夫に気付くこと。,35
elementary,JAPANESE,２各学年の目標及び内容,〔第５学年及び第６学年〕,２ 内 容,〔知識及び技能〕,⑴,ケ,ケ 文章を音読したり朗読したりすること。,35
elementary,JAPANESE,２各学年の目標及び内容,〔第５学年及び第６学年〕,２ 内 容,〔知識及び技能〕,⑵,,"⑵ 話や文章に含まれている情報の扱い方に関する次の事項を身に付けるこ
とができるよう指導する。",35
elementary,JAPANESE,２各学年の目標及び内容,〔第５学年及び第６学年〕,２ 内 容,〔知識及び技能〕,⑵,ア,ア 原因と結果など情報と情報との関係について理解すること。,35
elementary,JAPANESE,２各学年の目標及び内容,〔第５学年及び第６学年〕,２ 内 容,〔知識及び技能〕,⑵,イ,"イ 情報と情報との関係付けの仕方，図などによる語句と語句との関係の
表し方を理解し使うこと。",35
elementary,JAPANESE,２各学年の目標及び内容,〔第５学年及び第６学年〕,２ 内 容,〔知識及び技能〕,⑶,,"⑶ 我が国の言語文化に関する次の事項を身に付けることができるよう指導
する。",35
elementary,JAPANESE,２各学年の目標及び内容,〔第５学年及び第６学年〕,２ 内 容,〔知識及び技能〕,⑶,ア,"ア 親しみやすい古文や漢文，近代以降の文語調の文章を音読するなどし
て，言葉の響きやリズムに親しむこと。",35
elementary,JAPANESE,２各学年の目標及び内容,〔第５学年及び第６学年〕,２ 内 容,〔知識及び技能〕,⑶,イ,"イ 古典について解説した文章を読んだり作品の内容の大体を知ったりす
ることを通して，昔の人のものの見方や感じ方を知ること。",35
elementary,JAPANESE,２各学年の目標及び内容,〔第５学年及び第６学年〕,２ 内 容,〔知識及び技能〕,⑶,ウ,"ウ 語句の由来などに関心をもつとともに，時間の経過による言葉の変化
35
国 語 や世代による言葉の違いに気付き，共通語と方言との違いを理解するこ
と。また，仮名及び漢字の由来，特質などについて理解すること。",35
elementary,JAPANESE,２各学年の目標及び内容,〔第５学年及び第６学年〕,２ 内 容,〔知識及び技能〕,⑶,エ,"エ 書写に関する次の事項を理解し使うこと。
（ア） 用紙全体との関係に注意して，文字の大きさや配列などを決める
とともに，書く速さを意識して書くこと。
（イ） 毛筆を使用して，穂先の動きと点画のつながりを意識して書くこ
と。
（ウ） 目的に応じて使用する筆記具を選び，その特徴を生かして書くこ
と。",36
elementary,JAPANESE,２各学年の目標及び内容,〔第５学年及び第６学年〕,２ 内 容,〔知識及び技能〕,⑶,オ,"オ 日常的に読書に親しみ，読書が，自分の考えを広げることに役立つこ
とに気付くこと。
〔思考力，判断力，表現力等〕",36
elementary,JAPANESE,２各学年の目標及び内容,〔第５学年及び第６学年〕,２ 内 容,〔思考力，判断力，表現力等〕,⑴,,"Ａ 話すこと・聞くこと
⑴ 話すこと・聞くことに関する次の事項を身に付けることができるよう指
導する。",36
elementary,JAPANESE,２各学年の目標及び内容,〔第５学年及び第６学年〕,２ 内 容,〔思考力，判断力，表現力等〕,⑴,ア,"ア 目的や意図に応じて，日常生活の中から話題を決め，集めた材料を分
類したり関係付けたりして，伝え合う内容を検討すること。",36
elementary,JAPANESE,２各学年の目標及び内容,〔第５学年及び第６学年〕,２ 内 容,〔思考力，判断力，表現力等〕,⑴,イ,"イ 話の内容が明確になるように，事実と感想，意見とを区別するなど，
話の構成を考えること。",36
elementary,JAPANESE,２各学年の目標及び内容,〔第５学年及び第６学年〕,２ 内 容,〔思考力，判断力，表現力等〕,⑴,ウ,"ウ 資料を活用するなどして，自分の考えが伝わるように表現を工夫する
こと。",36
elementary,JAPANESE,２各学年の目標及び内容,〔第５学年及び第６学年〕,２ 内 容,〔思考力，判断力，表現力等〕,⑴,エ,"エ 話し手の目的や自分が聞こうとする意図に応じて，話の内容を捉え，
話し手の考えと比較しながら，自分の考えをまとめること。",36
elementary,JAPANESE,２各学年の目標及び内容,〔第５学年及び第６学年〕,２ 内 容,〔思考力，判断力，表現力等〕,⑴,オ,"オ 互いの立場や意図を明確にしながら計画的に話し合い，考えを広げた
りまとめたりすること。",36
elementary,JAPANESE,２各学年の目標及び内容,〔第５学年及び第６学年〕,２ 内 容,〔思考力，判断力，表現力等〕,⑵,,"⑵ ⑴に示す事項については，例えば，次のような言語活動を通して指導す
るものとする。",36
elementary,JAPANESE,２各学年の目標及び内容,〔第５学年及び第６学年〕,２ 内 容,〔思考力，判断力，表現力等〕,⑵,ア,ア 意見や提案など自分の考えを話したり，それらを聞いたりする活動。,36
elementary,JAPANESE,２各学年の目標及び内容,〔第５学年及び第６学年〕,２ 内 容,〔思考力，判断力，表現力等〕,⑵,イ,"イ インタビューなどをして必要な情報を集めたり，それらを発表したり
する活動。",36
elementary,JAPANESE,２各学年の目標及び内容,〔第５学年及び第６学年〕,２ 内 容,〔思考力，判断力，表現力等〕,⑵,ウ,ウ それぞれの立場から考えを伝えるなどして話し合う活動。,36
elementary,JAPANESE,２各学年の目標及び内容,〔第５学年及び第６学年〕,２ 内 容,〔思考力，判断力，表現力等〕,⑴,,"Ｂ 書くこと
⑴ 書くことに関する次の事項を身に付けることができるよう指導する。",36
elementary,JAPANESE,２各学年の目標及び内容,〔第５学年及び第６学年〕,２ 内 容,〔思考力，判断力，表現力等〕,⑴,ア,"ア 目的や意図に応じて，感じたことや考えたことなどから書くことを選
び，集めた材料を分類したり関係付けたりして，伝えたいことを明確に
すること。 ",36
elementary,JAPANESE,２各学年の目標及び内容,〔第５学年及び第６学年〕,２ 内 容,〔思考力，判断力，表現力等〕,⑴,イ,"イ 筋道の通った文章となるように，文章全体の構成や展開を考えるこ
と。",37
elementary,JAPANESE,２各学年の目標及び内容,〔第５学年及び第６学年〕,２ 内 容,〔思考力，判断力，表現力等〕,⑴,ウ,"ウ 目的や意図に応じて簡単に書いたり詳しく書いたりするとともに，事
実と感想，意見とを区別して書いたりするなど，自分の考えが伝わるよ
うに書き表し方を工夫すること。",37
elementary,JAPANESE,２各学年の目標及び内容,〔第５学年及び第６学年〕,２ 内 容,〔思考力，判断力，表現力等〕,⑴,エ,"エ 引用したり，図表やグラフなどを用いたりして，自分の考えが伝わる
ように書き表し方を工夫すること。",37
elementary,JAPANESE,２各学年の目標及び内容,〔第５学年及び第６学年〕,２ 内 容,〔思考力，判断力，表現力等〕,⑴,オ,"オ 文章全体の構成や書き表し方などに着目して，文や文章を整えるこ
と。",37
elementary,JAPANESE,２各学年の目標及び内容,〔第５学年及び第６学年〕,２ 内 容,〔思考力，判断力，表現力等〕,⑴,カ,"カ 文章全体の構成や展開が明確になっているかなど，文章に対する感想
や意見を伝え合い，自分の文章のよいところを見付けること。",37
elementary,JAPANESE,２各学年の目標及び内容,〔第５学年及び第６学年〕,２ 内 容,〔思考力，判断力，表現力等〕,⑵,,"⑵ ⑴に示す事項については，例えば，次のような言語活動を通して指導す
るものとする。",37
elementary,JAPANESE,２各学年の目標及び内容,〔第５学年及び第６学年〕,２ 内 容,〔思考力，判断力，表現力等〕,⑵,ア,"ア 事象を説明したり意見を述べたりするなど，考えたことや伝えたいこ
とを書く活動。",37
elementary,JAPANESE,２各学年の目標及び内容,〔第５学年及び第６学年〕,２ 内 容,〔思考力，判断力，表現力等〕,⑵,イ,イ 短歌や俳句をつくるなど，感じたことや想像したことを書く活動。,37
elementary,JAPANESE,２各学年の目標及び内容,〔第５学年及び第６学年〕,２ 内 容,〔思考力，判断力，表現力等〕,⑵,ウ,"ウ 事実や経験を基に，感じたり考えたりしたことや自分にとっての意味
について文章に書く活動。",37
elementary,JAPANESE,２各学年の目標及び内容,〔第５学年及び第６学年〕,２ 内 容,〔思考力，判断力，表現力等〕,⑴,,"Ｃ 読むこと
⑴ 読むことに関する次の事項を身に付けることができるよう指導する。",37
elementary,JAPANESE,２各学年の目標及び内容,〔第５学年及び第６学年〕,２ 内 容,〔思考力，判断力，表現力等〕,⑴,ア,"ア 事実と感想，意見などとの関係を叙述を基に押さえ，文章全体の構成
を捉えて要旨を把握すること。",37
elementary,JAPANESE,２各学年の目標及び内容,〔第５学年及び第６学年〕,２ 内 容,〔思考力，判断力，表現力等〕,⑴,イ,イ 登場人物の相互関係や心情などについて，描写を基に捉えること。,37
elementary,JAPANESE,２各学年の目標及び内容,〔第５学年及び第６学年〕,２ 内 容,〔思考力，判断力，表現力等〕,⑴,ウ,"ウ 目的に応じて，文章と図表などを結び付けるなどして必要な情報を見
付けたり，論の進め方について考えたりすること。",37
elementary,JAPANESE,２各学年の目標及び内容,〔第５学年及び第６学年〕,２ 内 容,〔思考力，判断力，表現力等〕,⑴,エ,"エ 人物像や物語などの全体像を具体的に想像したり，表現の効果を考え
たりすること。",37
elementary,JAPANESE,２各学年の目標及び内容,〔第５学年及び第６学年〕,２ 内 容,〔思考力，判断力，表現力等〕,⑴,オ,オ 文章を読んで理解したことに基づいて，自分の考えをまとめること。,37
elementary,JAPANESE,２各学年の目標及び内容,〔第５学年及び第６学年〕,２ 内 容,〔思考力，判断力，表現力等〕,⑴,カ,"カ 文章を読んでまとめた意見や感想を共有し，自分の考えを広げるこ
と。",37
elementary,JAPANESE,２各学年の目標及び内容,〔第５学年及び第６学年〕,２ 内 容,〔思考力，判断力，表現力等〕,⑵,,"⑵ ⑴に示す事項については，例えば，次のような言語活動を通して指導す
るものとする。",37
elementary,JAPANESE,２各学年の目標及び内容,〔第５学年及び第６学年〕,２ 内 容,〔思考力，判断力，表現力等〕,⑵,ア,"ア 説明や解説などの文章を比較するなどして読み，分かったことや考え
たことを，話し合ったり文章にまとめたりする活動。
37
国 語 イ 詩や物語，伝記などを読み，内容を説明したり，自分の生き方などに
ついて考えたことを伝え合ったりする活動。",37
elementary,JAPANESE,２各学年の目標及び内容,〔第５学年及び第６学年〕,２ 内 容,〔思考力，判断力，表現力等〕,⑵,ウ,"ウ 学校図書館などを利用し，複数の本や新聞などを活用して，調べたり
考えたりしたことを報告する活動。",38
elementary,JAPANESE,３指導計画の作成と内容の取扱い,,,1,,,１ 指導計画の作成に当たっては，次の事項に配慮するものとする。,38
elementary,JAPANESE,３指導計画の作成と内容の取扱い,,,1,⑴,,"⑴ 単元など内容や時間のまとまりを見通して，その中で育む資質・能力の
育成に向けて，児童の主体的・対話的で深い学びの実現を図るようにする
こと。その際，言葉による見方・考え方を働かせ，言語活動を通して，言
葉の特徴や使い方などを理解し自分の思いや考えを深める学習の充実を図
ること。",38
elementary,JAPANESE,３指導計画の作成と内容の取扱い,,,1,⑵,,"⑵ 第２の各学年の内容の指導については，必要に応じて当該学年より前の
学年において初歩的な形で取り上げたり，その後の学年で程度を高めて取
り上げたりするなどして，弾力的に指導すること。",38
elementary,JAPANESE,３指導計画の作成と内容の取扱い,,,1,⑶,,"⑶ 第２の各学年の内容の〔知識及び技能〕に示す事項については，〔思考
力，判断力，表現力等〕に示す事項の指導を通して指導することを基本と
し，必要に応じて，特定の事項だけを取り上げて指導したり，それらをま
とめて指導したりするなど，指導の効果を高めるよう工夫すること。な
お，その際，第１章総則の第２の３の⑵のウの（イ）に掲げる指導を行う場
合には，当該指導のねらいを明確にするとともに，単元など内容や時間の
まとまりを見通して資質・能力が偏りなく育成されるよう計画的に指導す
ること。",38
elementary,JAPANESE,３指導計画の作成と内容の取扱い,,,1,⑷,,"⑷ 第２の各学年の内容の〔思考力，判断力，表現力等〕の「Ａ話すこと・
聞くこと」に関する指導については，意図的，計画的に指導する機会が得
られるように，第１学年及び第２学年では年間35単位時間程度，第３学
年及び第４学年では年間30単位時間程度，第５学年及び第６学年では年
間25単位時間程度を配当すること。その際，音声言語のための教材を活
用するなどして指導の効果を高めるよう工夫すること。",38
elementary,JAPANESE,３指導計画の作成と内容の取扱い,,,1,⑸,,"⑸ 第２の各学年の内容の〔思考力，判断力，表現力等〕の「Ｂ書くこと」
に関する指導については，第１学年及び第２学年では年間100単位時間程
度，第３学年及び第４学年では年間85単位時間程度，第５学年及び第６
学年では年間55単位時間程度を配当すること。その際，実際に文章を書
く活動をなるべく多くすること。
38",38
elementary,JAPANESE,３指導計画の作成と内容の取扱い,,,1,⑹,,"⑹ 第２の第１学年及び第２学年の内容の〔知識及び技能〕の⑶のエ，第３ 国 語
学年及び第４学年，第５学年及び第６学年の内容の〔知識及び技能〕の⑶
のオ及び各学年の内容の〔思考力，判断力，表現力等〕の「Ｃ読むこと」
に関する指導については，読書意欲を高め，日常生活において読書活動を
活発に行うようにするとともに，他教科等の学習における読書の指導や学
校図書館における指導との関連を考えて行うこと。",39
elementary,JAPANESE,３指導計画の作成と内容の取扱い,,,1,⑺,,"⑺ 低学年においては，第１章総則の第２の４の⑴を踏まえ，他教科等との
関連を積極的に図り，指導の効果を高めるようにするとともに，幼稚園教
育要領等に示す幼児期の終わりまでに育ってほしい姿との関連を考慮する
こと。特に，小学校入学当初においては，生活科を中心とした合科的・関
連的な指導や，弾力的な時間割の設定を行うなどの工夫をすること。",39
elementary,JAPANESE,３指導計画の作成と内容の取扱い,,,1,⑻,,"⑻ 言語能力の向上を図る観点から，外国語活動及び外国語科など他教科等
との関連を積極的に図り，指導の効果を高めるようにすること。",39
elementary,JAPANESE,３指導計画の作成と内容の取扱い,,,1,⑼,,"⑼ 障害のある児童などについては，学習活動を行う場合に生じる困難さに
応じた指導内容や指導方法の工夫を計画的，組織的に行うこと。",39
elementary,JAPANESE,３指導計画の作成と内容の取扱い,,,1,⑽,,"⑽ 第１章総則の第１の２の⑵に示す道徳教育の目標に基づき，道徳科など
との関連を考慮しながら，第３章特別の教科道徳の第２に示す内容につい
て，国語科の特質に応じて適切な指導をすること。",39
elementary,JAPANESE,３指導計画の作成と内容の取扱い,,,2,,,２ 第２の内容の取扱いについては，次の事項に配慮するものとする。,39
elementary,JAPANESE,３指導計画の作成と内容の取扱い,,,2,⑴,,⑴ 〔知識及び技能〕に示す事項については，次のとおり取り扱うこと。,39
elementary,JAPANESE,３指導計画の作成と内容の取扱い,,,2,⑴,ア,"ア 日常の言語活動を振り返ることなどを通して，児童が，実際に話した
り聞いたり書いたり読んだりする場面を意識できるよう指導を工夫する
こと。",39
elementary,JAPANESE,３指導計画の作成と内容の取扱い,,,2,⑴,イ,"イ 理解したり表現したりするために必要な文字や語句については，辞書
や事典を利用して調べる活動を取り入れるなど，調べる習慣が身に付く
ようにすること。",39
elementary,JAPANESE,３指導計画の作成と内容の取扱い,,,2,⑴,ウ,"ウ 第３学年におけるローマ字の指導に当たっては，第５章総合的な学習
の時間の第３の２の⑶に示す，コンピュータで文字を入力するなどの学
習の基盤として必要となる情報手段の基本的な操作を習得し，児童が情
報や情報手段を主体的に選択し活用できるよう配慮することとの関連が
図られるようにすること。",39
elementary,JAPANESE,３指導計画の作成と内容の取扱い,,,2,⑴,エ,"エ 漢字の指導については，第２の内容に定めるほか，次のとおり取り扱
うこと。
（ア） 学年ごとに配当されている漢字は，児童の学習負担に配慮しつつ，
必要に応じて，当該学年以前の学年又は当該学年以降の学年において
39
国 語 指導することもできること。
（イ） 当該学年より後の学年に配当されている漢字及びそれ以外の漢字
については，振り仮名を付けるなど，児童の学習負担に配慮しつつ提
示することができること。
（ウ） 他教科等の学習において必要となる漢字については，当該教科等
と関連付けて指導するなど，その確実な定着が図られるよう指導を工
夫すること。
（エ） 漢字の指導においては，学年別漢字配当表に示す漢字の字体を標
準とすること。",39
elementary,JAPANESE,３指導計画の作成と内容の取扱い,,,2,⑴,オ,"オ 各学年の⑶のア及びイに関する指導については，各学年で行い，古典
に親しめるよう配慮すること。",40
elementary,JAPANESE,３指導計画の作成と内容の取扱い,,,2,⑴,カ,"カ 書写の指導については，第２の内容に定めるほか，次のとおり取り扱
うこと。
（ア） 文字を正しく整えて書くことができるようにするとともに，書写
の能力を学習や生活に役立てる態度を育てるよう配慮すること。
（イ） 硬筆を使用する書写の指導は各学年で行うこと。
（ウ） 毛筆を使用する書写の指導は第３学年以上の各学年で行い，各学
年年間30単位時間程度を配当するとともに，毛筆を使用する書写の
指導は硬筆による書写の能力の基礎を養うよう指導すること。
（エ） 第１学年及び第２学年の⑶のウの（イ）の指導については，適切に運
筆する能力の向上につながるよう，指導を工夫すること。",40
elementary,JAPANESE,３指導計画の作成と内容の取扱い,,,2,⑵,,"⑵ 第２の内容の指導に当たっては，児童がコンピュータや情報通信ネット
ワークを積極的に活用する機会を設けるなどして，指導の効果を高めるよ
う工夫すること。",40
elementary,JAPANESE,３指導計画の作成と内容の取扱い,,,2,⑶,,"⑶ 第２の内容の指導に当たっては，学校図書館などを目的をもって計画的
に利用しその機能の活用を図るようにすること。その際，本などの種類や
配置，探し方について指導するなど，児童が必要な本などを選ぶことがで
きるよう配慮すること。なお，児童が読む図書については，人間形成のた
め偏りがないよう配慮して選定すること。",40
elementary,JAPANESE,３指導計画の作成と内容の取扱い,,,3,,,３ 教材については，次の事項に留意するものとする。,40
elementary,JAPANESE,３指導計画の作成と内容の取扱い,,,3,⑴,,"⑴ 教材は，第２の各学年の目標及び内容に示す資質・能力を偏りなく養
うことや読書に親しむ態度の育成を通して読書習慣を形成することをねら
いとし，児童の発達の段階に即して適切な話題や題材を精選して調和的に
取り上げること。また，第２の各学年の内容の〔思考力，判断力，表現力
等〕の「Ａ話すこと・聞くこと」，「Ｂ書くこと」及び「Ｃ読むこと」のそ
40
れぞれの⑵に掲げる言語活動が十分行われるよう教材を選定すること。 国 語",40
elementary,JAPANESE,３指導計画の作成と内容の取扱い,,,3,⑵,,⑵ 教材は，次のような観点に配慮して取り上げること。,41
elementary,JAPANESE,３指導計画の作成と内容の取扱い,,,3,⑵,ア,"ア 国語に対する関心を高め，国語を尊重する態度を育てるのに役立つこ
と。",41
elementary,JAPANESE,３指導計画の作成と内容の取扱い,,,3,⑵,イ,イ 伝え合う力，思考力や想像力及び言語感覚を養うのに役立つこと。,41
elementary,JAPANESE,３指導計画の作成と内容の取扱い,,,3,⑵,ウ,ウ 公正かつ適切に判断する能力や態度を育てるのに役立つこと。,41
elementary,JAPANESE,３指導計画の作成と内容の取扱い,,,3,⑵,エ,エ 科学的，論理的に物事を捉え考察し，視野を広げるのに役立つこと。,41
elementary,JAPANESE,３指導計画の作成と内容の取扱い,,,3,⑵,オ,オ 生活を明るくし，強く正しく生きる意志を育てるのに役立つこと。,41
elementary,JAPANESE,３指導計画の作成と内容の取扱い,,,3,⑵,カ,カ 生命を尊重し，他人を思いやる心を育てるのに役立つこと。,41
elementary,JAPANESE,３指導計画の作成と内容の取扱い,,,3,⑵,キ,キ 自然を愛し，美しいものに感動する心を育てるのに役立つこと。,41
elementary,JAPANESE,３指導計画の作成と内容の取扱い,,,3,⑵,ク,ク 我が国の伝統と文化に対する理解と愛情を育てるのに役立つこと。,41
elementary,JAPANESE,３指導計画の作成と内容の取扱い,,,3,⑵,ケ,"ケ 日本人としての自覚をもって国を愛し，国家，社会の発展を願う態度
を育てるのに役立つこと。",41
elementary,JAPANESE,３指導計画の作成と内容の取扱い,,,3,⑵,コ,"コ 世界の風土や文化などを理解し，国際協調の精神を養うのに役立つこ
と。",41
elementary,JAPANESE,３指導計画の作成と内容の取扱い,,,3,⑶,,"⑶ 第２の各学年の内容の〔思考力，判断力，表現力等〕の「Ｃ読むこと」
の教材については，各学年で説明的な文章や文学的な文章などの文章の種
類を調和的に取り扱うこと。また，説明的な文章については，適宜，図表
や写真などを含むものを取り上げること。",41
